{
  "users": {
    "60146351257@s.whatsapp.net": {
      "afkTime": -1,
      "afkReason": "",
      "id": "60146351257@s.whatsapp.net",
      "ip": "252.197.171.76",
      "limit": "Infinity",
      "user": "Premium"
    },
    "60189410546@s.whatsapp.net": {
      "afkTime": -1,
      "afkReason": "",
      "id": "60189410546@s.whatsapp.net",
      "ip": "79.59.113.247",
      "limit": "Infinity",
      "user": "Premium"
    },
    "60145009075@s.whatsapp.net": {
      "afkTime": -1,
      "afkReason": "",
      "id": "60145009075@s.whatsapp.net",
      "ip": "166.162.153.4",
      "limit": 100,
      "user": "Free"
    },
    "601164497845@s.whatsapp.net": {
      "afkTime": -1,
      "afkReason": "",
      "id": "601164497845@s.whatsapp.net",
      "ip": "243.142.8.65",
      "limit": 97,
      "user": "Free"
    },
    "60173159682@s.whatsapp.net": {
      "afkTime": -1,
      "afkReason": "",
      "id": "60173159682@s.whatsapp.net",
      "ip": "115.79.184.91",
      "limit": 100,
      "user": "Free"
    },
    "60126914410@s.whatsapp.net": {
      "afkTime": -1,
      "afkReason": "",
      "id": "60126914410@s.whatsapp.net",
      "ip": "65.39.209.68",
      "limit": 100,
      "user": "Free"
    },
    "60143708476@s.whatsapp.net": {
      "afkTime": -1,
      "afkReason": "",
      "id": "60143708476@s.whatsapp.net",
      "ip": "191.237.230.234",
      "limit": 100,
      "user": "Free"
    },
    "60106552726@s.whatsapp.net": {
      "afkTime": -1,
      "afkReason": "",
      "id": "60106552726@s.whatsapp.net",
      "ip": "193.22.154.247",
      "limit": 100,
      "user": "Free"
    },
    "601117869552@s.whatsapp.net": {
      "afkTime": -1,
      "afkReason": "",
      "id": "601117869552@s.whatsapp.net",
      "ip": "231.142.63.125",
      "limit": 100,
      "user": "Free"
    },
    "60167096488@s.whatsapp.net": {
      "afkTime": -1,
      "afkReason": "",
      "id": "60167096488@s.whatsapp.net",
      "ip": "220.80.29.61",
      "limit": 100,
      "user": "Free"
    },
    "60102664575@s.whatsapp.net": {
      "afkTime": -1,
      "afkReason": "",
      "id": "60102664575@s.whatsapp.net",
      "ip": "21.188.173.129",
      "limit": 100,
      "user": "Free"
    },
    "60177817085@s.whatsapp.net": {
      "afkTime": -1,
      "afkReason": "",
      "id": "60177817085@s.whatsapp.net",
      "ip": "121.235.126.240",
      "limit": 100,
      "user": "Free"
    },
    "60187757781@s.whatsapp.net": {
      "afkTime": -1,
      "afkReason": "",
      "id": "60187757781@s.whatsapp.net",
      "ip": "121.80.154.78",
      "limit": 100,
      "user": "Free"
    },
    "60145289490@s.whatsapp.net": {
      "afkTime": -1,
      "afkReason": "",
      "id": "60145289490@s.whatsapp.net",
      "ip": "10.211.66.248",
      "limit": 100,
      "user": "Free"
    },
    "601114607852@s.whatsapp.net": {
      "afkTime": -1,
      "afkReason": "",
      "id": "601114607852@s.whatsapp.net",
      "ip": "188.245.255.90",
      "limit": 100,
      "user": "Free"
    },
    "601159659493@s.whatsapp.net": {
      "afkTime": -1,
      "afkReason": "",
      "id": "601159659493@s.whatsapp.net",
      "ip": "42.59.59.18",
      "limit": 100,
      "user": "Free"
    },
    "60164471525@s.whatsapp.net": {
      "afkTime": -1,
      "afkReason": "",
      "id": "60164471525@s.whatsapp.net",
      "ip": "239.117.59.211",
      "limit": 100,
      "user": "Free"
    },
    "60168105398@s.whatsapp.net": {
      "afkTime": -1,
      "afkReason": "",
      "id": "60168105398@s.whatsapp.net",
      "ip": "173.87.12.218",
      "limit": 100,
      "user": "Free"
    },
    "60137304968@s.whatsapp.net": {
      "afkTime": -1,
      "afkReason": "",
      "id": "60137304968@s.whatsapp.net",
      "ip": "31.222.116.29",
      "limit": 100,
      "user": "Free"
    },
    "60172456014@s.whatsapp.net": {
      "afkTime": -1,
      "afkReason": "",
      "id": "60172456014@s.whatsapp.net",
      "ip": "7.43.143.184",
      "limit": 100,
      "user": "Free"
    },
    "601112895604@s.whatsapp.net": {
      "afkTime": -1,
      "afkReason": "",
      "id": "601112895604@s.whatsapp.net",
      "ip": "83.165.251.111",
      "limit": 100,
      "user": "Free"
    },
    "60102058553@s.whatsapp.net": {
      "afkTime": -1,
      "afkReason": "",
      "id": "60102058553@s.whatsapp.net",
      "ip": "8.244.37.35",
      "limit": 100,
      "user": "Free"
    },
    "60168807209@s.whatsapp.net": {
      "afkTime": -1,
      "afkReason": "",
      "id": "60168807209@s.whatsapp.net",
      "ip": "123.236.48.156",
      "limit": 100,
      "user": "Free"
    },
    "60106660854@s.whatsapp.net": {
      "afkTime": -1,
      "afkReason": "",
      "id": "60106660854@s.whatsapp.net",
      "ip": "109.127.134.204",
      "limit": 100,
      "user": "Free"
    },
    "601135109986@s.whatsapp.net": {
      "afkTime": -1,
      "afkReason": "",
      "id": "601135109986@s.whatsapp.net",
      "ip": "128.78.176.148",
      "limit": 100,
      "user": "Free"
    },
    "60169405475@s.whatsapp.net": {
      "afkTime": -1,
      "afkReason": "",
      "id": "60169405475@s.whatsapp.net",
      "ip": "170.138.106.43",
      "limit": 100,
      "user": "Free"
    },
    "60179009387@s.whatsapp.net": {
      "afkTime": -1,
      "afkReason": "",
      "id": "60179009387@s.whatsapp.net",
      "ip": "21.145.203.203",
      "limit": 100,
      "user": "Free"
    },
    "6588701029@s.whatsapp.net": {
      "afkTime": -1,
      "afkReason": "",
      "id": "6588701029@s.whatsapp.net",
      "ip": "86.105.203.235",
      "limit": 100,
      "user": "Free"
    },
    "60103343264@s.whatsapp.net": {
      "afkTime": -1,
      "afkReason": "",
      "id": "60103343264@s.whatsapp.net",
      "ip": "22.157.76.37",
      "limit": 100,
      "user": "Free"
    },
    "601170118081@s.whatsapp.net": {
      "afkTime": -1,
      "afkReason": "",
      "id": "601170118081@s.whatsapp.net",
      "ip": "174.124.29.83",
      "limit": 100,
      "user": "Free"
    },
    "60107620245@s.whatsapp.net": {
      "afkTime": -1,
      "afkReason": "",
      "id": "60107620245@s.whatsapp.net",
      "ip": "56.240.174.45",
      "limit": 100,
      "user": "Free"
    },
    "601172846913@s.whatsapp.net": {
      "afkTime": -1,
      "afkReason": "",
      "id": "601172846913@s.whatsapp.net",
      "ip": "0.44.26.214",
      "limit": 100,
      "user": "Free"
    },
    "60102903405@s.whatsapp.net": {
      "afkTime": -1,
      "afkReason": "",
      "id": "60102903405@s.whatsapp.net",
      "ip": "186.68.33.152",
      "limit": 100,
      "user": "Free"
    },
    "601117831195@s.whatsapp.net": {
      "afkTime": -1,
      "afkReason": "",
      "id": "601117831195@s.whatsapp.net",
      "ip": "81.52.219.32",
      "limit": 100,
      "user": "Free"
    },
    "60133826315@s.whatsapp.net": {
      "afkTime": -1,
      "afkReason": "",
      "id": "60133826315@s.whatsapp.net",
      "ip": "120.20.145.127",
      "limit": 100,
      "user": "Free"
    },
    "601125322184@s.whatsapp.net": {
      "afkTime": -1,
      "afkReason": "",
      "id": "601125322184@s.whatsapp.net",
      "ip": "44.101.248.171",
      "limit": 100,
      "user": "Free"
    },
    "60182298781@s.whatsapp.net": {
      "afkTime": -1,
      "afkReason": "",
      "id": "60182298781@s.whatsapp.net",
      "ip": "8.194.92.65",
      "limit": 100,
      "user": "Free"
    },
    "60145141066@s.whatsapp.net": {
      "afkTime": -1,
      "afkReason": "",
      "id": "60145141066@s.whatsapp.net",
      "ip": "204.193.153.22",
      "limit": 100,
      "user": "Free"
    },
    "601126743142@s.whatsapp.net": {
      "afkTime": -1,
      "afkReason": "",
      "id": "601126743142@s.whatsapp.net",
      "ip": "245.112.87.251",
      "limit": 100,
      "user": "Free"
    },
    "60133193342@s.whatsapp.net": {
      "afkTime": -1,
      "afkReason": "",
      "id": "60133193342@s.whatsapp.net",
      "ip": "230.69.189.175",
      "limit": 100,
      "user": "Free"
    },
    "601111899716@s.whatsapp.net": {
      "afkTime": -1,
      "afkReason": "",
      "id": "601111899716@s.whatsapp.net",
      "ip": "184.150.78.194",
      "limit": 100,
      "user": "Free"
    },
    "60108077702@s.whatsapp.net": {
      "afkTime": -1,
      "afkReason": "",
      "id": "60108077702@s.whatsapp.net",
      "ip": "112.7.155.172",
      "limit": 99,
      "user": "Free"
    },
    "60143504752@s.whatsapp.net": {
      "afkTime": -1,
      "afkReason": "",
      "id": "60143504752@s.whatsapp.net",
      "ip": "92.202.29.11",
      "limit": 100,
      "user": "Free"
    },
    "601126835165@s.whatsapp.net": {
      "afkTime": -1,
      "afkReason": "",
      "id": "601126835165@s.whatsapp.net",
      "ip": "64.84.112.235",
      "limit": 100,
      "user": "Free"
    },
    "60132822751@s.whatsapp.net": {
      "afkTime": -1,
      "afkReason": "",
      "id": "60132822751@s.whatsapp.net",
      "ip": "87.58.61.156",
      "limit": 100,
      "user": "Free"
    },
    "601111535004@s.whatsapp.net": {
      "afkTime": -1,
      "afkReason": "",
      "id": "601111535004@s.whatsapp.net",
      "ip": "226.2.126.24",
      "limit": 100,
      "user": "Free"
    },
    "60177509067@s.whatsapp.net": {
      "afkTime": -1,
      "afkReason": "",
      "id": "60177509067@s.whatsapp.net",
      "ip": "153.233.74.147",
      "limit": 100,
      "user": "Free"
    },
    "60184005121@s.whatsapp.net": {
      "afkTime": -1,
      "afkReason": "",
      "id": "60184005121@s.whatsapp.net",
      "ip": "107.21.122.98",
      "limit": 100,
      "user": "Free"
    },
    "601162204020@s.whatsapp.net": {
      "afkTime": -1,
      "afkReason": "",
      "id": "601162204020@s.whatsapp.net",
      "ip": "79.33.86.39",
      "limit": 100,
      "user": "Free"
    },
    "60192830324@s.whatsapp.net": {
      "afkTime": -1,
      "afkReason": "",
      "id": "60192830324@s.whatsapp.net",
      "ip": "145.29.236.13",
      "limit": 100,
      "user": "Free"
    },
    "601173383151@s.whatsapp.net": {
      "afkTime": -1,
      "afkReason": "",
      "id": "601173383151@s.whatsapp.net",
      "ip": "136.223.198.220",
      "limit": 100,
      "user": "Free"
    },
    "60102675730@s.whatsapp.net": {
      "afkTime": -1,
      "afkReason": "",
      "id": "60102675730@s.whatsapp.net",
      "ip": "40.113.88.214",
      "limit": 100,
      "user": "Free"
    },
    "601137779430@s.whatsapp.net": {
      "afkTime": -1,
      "afkReason": "",
      "id": "601137779430@s.whatsapp.net",
      "ip": "53.180.123.110",
      "limit": 100,
      "user": "Free"
    },
    "601127385461@s.whatsapp.net": {
      "afkTime": -1,
      "afkReason": "",
      "id": "601127385461@s.whatsapp.net",
      "ip": "189.32.194.183",
      "limit": 100,
      "user": "Free"
    },
    "601174917882@s.whatsapp.net": {
      "afkTime": -1,
      "afkReason": "",
      "id": "601174917882@s.whatsapp.net",
      "ip": "105.88.165.13",
      "limit": 100,
      "user": "Free"
    }
  },
  "group": {},
  "chats": {
    "60146351257@s.whatsapp.net": {
      "mute": false,
      "antilink": false,
      "antilinkyt": false,
      "antilinktt": false,
      "antivirtex": true,
      "antilinkv2": true,
      "antipanel": false
    },
    "120363158292843649@g.us": {
      "mute": false,
      "antilink": false,
      "antilinkyt": false,
      "antilinktt": false,
      "antivirtex": true,
      "antilinkv2": true,
      "antipanel": false
    },
    "60145009075@s.whatsapp.net": {
      "mute": false,
      "antilink": false,
      "antilinkyt": false,
      "antilinktt": false,
      "antivirtex": true,
      "antilinkv2": true,
      "antipanel": false
    },
    "601164497845@s.whatsapp.net": {
      "mute": false,
      "antilink": false,
      "antilinkyt": false,
      "antilinktt": false,
      "antivirtex": true,
      "antilinkv2": true,
      "antipanel": false
    },
    "60173159682@s.whatsapp.net": {
      "mute": false,
      "antilink": false,
      "antilinkyt": false,
      "antilinktt": false,
      "antivirtex": true,
      "antilinkv2": true,
      "antipanel": false
    },
    "601117748153-1635844127@g.us": {
      "mute": false,
      "antilink": false,
      "antilinkyt": false,
      "antilinktt": false,
      "antivirtex": true,
      "antilinkv2": true,
      "antipanel": false
    },
    "120363188645076892@g.us": {
      "mute": false,
      "antilink": false,
      "antilinkyt": false,
      "antilinktt": false,
      "antivirtex": true,
      "antilinkv2": true,
      "antipanel": false
    },
    "60145141066@s.whatsapp.net": {
      "mute": false,
      "antilink": false,
      "antilinkyt": false,
      "antilinktt": false,
      "antivirtex": true,
      "antilinkv2": true,
      "antipanel": false
    },
    "60143504752@s.whatsapp.net": {
      "mute": false,
      "antilink": false,
      "antilinkyt": false,
      "antilinktt": false,
      "antivirtex": true,
      "antilinkv2": true,
      "antipanel": false
    }
  },
  "database": {},
  "game": {},
  "settings": {
    "60189410546@s.whatsapp.net": {
      "status": 0,
      "autobio": false,
      "autoread": false
    },
    "60173159682@s.whatsapp.net": {
      "status": 0,
      "autobio": false,
      "autoread": false
    }
  },
  "donate": {},
  "others": {},
  "sticker": {},
  "anonymous": {}
}